,fs,fsn,fv,fvn,comparte,redondo,origen,o_lat,o_lon,destino,d_lat,d_lon,status
0,2017-10-18 7:10:21 miércoles,1508302800.0,2017-10-23 3:3:33 lunes,1508734800.0,0,i_1,JALISCO,20.3683627551,103.885893537,CIUDAD DE MEXICO,19.3828290816,99.1987122071,1.0
1,2017-10-09 11:51:1 lunes,1507525200.0,2017-10-17 6:22:0 martes,1508216400.0,1,s,NUEVO LEON,25.8603325723,100.049741058,CIUDAD DE MEXICO,19.3828290816,99.1987122071,0.0
2,2017-11-02 6:2:42 jueves,1509602400.0,2017-11-06 12:34:13 lunes,1509948000.0,1,s,NUEVO LEON,25.8603325723,100.049741058,SAN LUIS POTOSI,22.3660763889,99.5435245371,0.0
3,2017-10-14 11:2:5 sábado,1507957200.0,2017-10-16 6:12:35 lunes,1508130000.0,1,s,CIUDAD DE MEXICO,19.3828290816,99.1987122071,SAN LUIS POTOSI,22.3660763889,99.5435245371,0.0
4,2017-10-28 11:38:35 sábado,1509166800.0,2017-10-29 8:53:0 domingo,1509253200.0,0,s,VERACRUZ,19.7520503367,96.6708436027,ESTADO DE MEXICO,19.4042375,99.362244537,0.0
5,2017-12-21 7:30:21 jueves,1513836000.0,2017-12-25 8:12:56 lunes,1514181600.0,1,s,JALISCO,20.3683627551,103.885893537,ESTADO DE MEXICO,19.4042375,99.362244537,0.0
6,2017-11-30 7:28:34 jueves,1512021600.0,2017-12-04 7:0:50 lunes,1512367200.0,0,i_7,CIUDAD DE MEXICO,19.3828290816,99.1987122071,NUEVO LEON,25.8603325723,100.049741058,0.0
7,2017-10-02 11:55:37 lunes,1506920400.0,2017-10-09 3:45:45 lunes,1507525200.0,0,s,VERACRUZ,19.7520503367,96.6708436027,NUEVO LEON,25.8603325723,100.049741058,0.0
8,2017-11-05 6:2:54 domingo,1509861600.0,2017-11-07 17:55:31 martes,1510034400.0,1,i_9,VERACRUZ,19.7520503367,96.6708436027,CIUDAD DE MEXICO,19.3828290816,99.1987122071,0.0
9,2017-12-18 7:21:36 lunes,1513576800.0,2017-12-25 14:3:16 lunes,1514181600.0,0,s,CIUDAD DE MEXICO,19.3828290816,99.1987122071,JALISCO,20.3683627551,103.885893537,0.0
10,2017-11-26 6:23:56 domingo,1511676000.0,2017-11-27 16:36:13 lunes,1511762400.0,1,i_11,CIUDAD DE MEXICO,19.3828290816,99.1987122071,VERACRUZ,19.7520503367,96.6708436027,0.0
11,2017-10-14 11:12:36 sábado,1507957200.0,2017-10-16 8:50:17 lunes,1508130000.0,1,i_12,NUEVO LEON,25.8603325723,100.049741058,CIUDAD DE MEXICO,19.3828290816,99.1987122071,0.0
12,2017-12-05 6:44:11 martes,1512453600.0,2017-12-11 5:9:18 lunes,1512972000.0,1,s,CIUDAD DE MEXICO,19.3828290816,99.1987122071,NUEVO LEON,25.8603325723,100.049741058,0.0
13,2017-11-03 7:0:59 viernes,1509688800.0,2017-11-09 1:14:3 jueves,1510207200.0,0,i_14,NUEVO LEON,25.8603325723,100.049741058,CIUDAD DE MEXICO,19.3828290816,99.1987122071,0.0
14,2017-11-09 9:22:17 jueves,1510207200.0,2017-11-13 1:18:23 lunes,1510552800.0,1,s,JALISCO,20.3683627551,103.885893537,CIUDAD DE MEXICO,19.3828290816,99.1987122071,0.0
15,2017-11-22 6:54:4 miércoles,1511330400.0,2017-11-29 17:16:6 miércoles,1511935200.0,1,i_16,CIUDAD DE MEXICO,19.3828290816,99.1987122071,NUEVO LEON,25.8603325723,100.049741058,0.0
16,2017-09-29 9:51:23 viernes,1506661200.0,2017-10-03 17:31:2 martes,1507006800.0,1,i_17,PUEBLA,19.158194281,98.1136581699,SAN LUIS POTOSI,22.3660763889,99.5435245371,0.0
17,2017-11-09 11:29:58 jueves,1510207200.0,2017-11-15 2:15:35 miércoles,1510725600.0,0,i_18,CIUDAD DE MEXICO,19.3828290816,99.1987122071,NUEVO LEON,25.8603325723,100.049741058,0.0
18,2017-11-23 11:57:14 jueves,1511416800.0,2017-11-27 6:15:14 lunes,1511762400.0,0,s,VERACRUZ,19.7520503367,96.6708436027,NUEVO LEON,25.8603325723,100.049741058,0.0
19,2017-11-06 11:16:31 lunes,1509948000.0,2017-11-13 16:29:16 lunes,1510552800.0,1,s,JALISCO,20.3683627551,103.885893537,NUEVO LEON,25.8603325723,100.049741058,0.0
20,2017-10-10 6:53:2 martes,1507611600.0,2017-10-16 5:41:30 lunes,1508130000.0,1,i_21,CIUDAD DE MEXICO,19.3828290816,99.1987122071,NUEVO LEON,25.8603325723,100.049741058,0.0
21,2017-09-23 10:2:31 sábado,1506142800.0,2017-09-25 5:40:7 lunes,1506315600.0,1,s,CIUDAD DE MEXICO,19.3828290816,99.1987122071,ESTADO DE MEXICO,19.4042375,99.362244537,1.0
22,2017-12-02 7:45:52 sábado,1512194400.0,2017-12-04 12:2:24 lunes,1512367200.0,1,i_23,JALISCO,20.3683627551,103.885893537,CIUDAD DE MEXICO,19.3828290816,99.1987122071,0.0
23,2017-11-28 7:34:56 martes,1511848800.0,2017-12-05 8:33:26 martes,1512453600.0,0,s,CIUDAD DE MEXICO,19.3828290816,99.1987122071,NUEVO LEON,25.8603325723,100.049741058,0.0
24,2017-10-18 10:21:5 miércoles,1508302800.0,2017-10-22 18:26:34 domingo,1508648400.0,1,s,SAN LUIS POTOSI,22.3660763889,99.5435245371,NUEVO LEON,25.8603325723,100.049741058,0.0
25,2017-12-18 6:12:6 lunes,1513576800.0,2017-12-25 13:16:15 lunes,1514181600.0,1,s,CIUDAD DE MEXICO,19.3828290816,99.1987122071,NUEVO LEON,25.8603325723,100.049741058,0.0
26,2017-10-24 6:1:38 martes,1508821200.0,2017-10-30 18:57:57 lunes,1509343200.0,0,s,CIUDAD DE MEXICO,19.3828290816,99.1987122071,VERACRUZ,19.7520503367,96.6708436027,0.0
27,2017-09-29 11:28:35 viernes,1506661200.0,2017-10-01 12:29:11 domingo,1506834000.0,1,i_28,CIUDAD DE MEXICO,19.3828290816,99.1987122071,PUEBLA,19.158194281,98.1136581699,0.0
28,2017-11-26 10:34:43 domingo,1511676000.0,2017-11-29 5:47:39 miércoles,1511935200.0,0,s,CIUDAD DE MEXICO,19.3828290816,99.1987122071,SAN LUIS POTOSI,22.3660763889,99.5435245371,0.0
29,2017-10-27 7:20:37 viernes,1509080400.0,2017-10-31 17:48:26 martes,1509429600.0,0,i_30,ESTADO DE MEXICO,19.4042375,99.362244537,CIUDAD DE MEXICO,19.3828290816,99.1987122071,0.0
30,2017-11-11 11:39:45 sábado,1510380000.0,2017-11-15 11:2:26 miércoles,1510725600.0,1,i_31,CIUDAD DE MEXICO,19.3828290816,99.1987122071,PUEBLA,19.158194281,98.1136581699,0.0
31,2017-10-03 11:41:28 martes,1507006800.0,2017-10-06 15:53:38 viernes,1507266000.0,1,i_32,NUEVO LEON,25.8603325723,100.049741058,JALISCO,20.3683627551,103.885893537,0.0
32,2017-11-22 10:16:50 miércoles,1511330400.0,2017-12-05 4:59:32 martes,1512453600.0,0,i_33,JALISCO,20.3683627551,103.885893537,CIUDAD DE MEXICO,19.3828290816,99.1987122071,0.0
33,2017-10-28 11:0:16 sábado,1509166800.0,2017-11-01 17:24:56 miércoles,1509516000.0,1,s,CIUDAD DE MEXICO,19.3828290816,99.1987122071,QUERETARO,20.6810876263,100.157593434,0.0
34,2017-12-16 7:22:26 sábado,1513404000.0,2017-12-20 14:59:36 miércoles,1513749600.0,0,s,NUEVO LEON,25.8603325723,100.049741058,CIUDAD DE MEXICO,19.3828290816,99.1987122071,0.0
35,2017-10-26 8:41:17 jueves,1508994000.0,2017-11-01 10:5:5 miércoles,1509516000.0,1,i_36,CIUDAD DE MEXICO,19.3828290816,99.1987122071,JALISCO,20.3683627551,103.885893537,0.0
36,2017-12-10 10:22:11 domingo,1512885600.0,2017-12-14 12:18:52 jueves,1513231200.0,1,s,CIUDAD DE MEXICO,19.3828290816,99.1987122071,NUEVO LEON,25.8603325723,100.049741058,0.0
37,2017-10-05 7:7:41 jueves,1507179600.0,2017-10-08 9:47:18 domingo,1507438800.0,0,i_38,GUANAJUATO,21.0145944444,101.299899306,NUEVO LEON,25.8603325723,100.049741058,0.0
38,2017-12-04 11:11:35 lunes,1512367200.0,2017-12-06 8:7:24 miércoles,1512540000.0,0,i_39,CIUDAD DE MEXICO,19.3828290816,99.1987122071,NUEVO LEON,25.8603325723,100.049741058,0.0
39,2017-10-18 10:41:53 miércoles,1508302800.0,2017-10-25 11:59:31 miércoles,1508907600.0,1,i_40,NUEVO LEON,25.8603325723,100.049741058,PUEBLA,19.158194281,98.1136581699,0.0
40,2017-12-05 8:3:57 martes,1512453600.0,2017-12-06 11:5:42 miércoles,1512540000.0,0,s,CIUDAD DE MEXICO,19.3828290816,99.1987122071,VERACRUZ,19.7520503367,96.6708436027,0.0
41,2017-12-21 8:6:55 jueves,1513836000.0,2017-12-25 9:30:16 lunes,1514181600.0,1,s,PUEBLA,19.158194281,98.1136581699,CIUDAD DE MEXICO,19.3828290816,99.1987122071,0.0
42,2017-10-07 6:57:5 sábado,1507352400.0,2017-10-09 7:36:18 lunes,1507525200.0,0,s,NUEVO LEON,25.8603325723,100.049741058,CIUDAD DE MEXICO,19.3828290816,99.1987122071,0.0
43,2017-12-20 9:33:28 miércoles,1513749600.0,2017-12-25 8:15:35 lunes,1514181600.0,0,i_44,JALISCO,20.3683627551,103.885893537,CIUDAD DE MEXICO,19.3828290816,99.1987122071,0.0
44,2017-12-02 11:47:36 sábado,1512194400.0,2017-12-05 7:20:12 martes,1512453600.0,0,s,VERACRUZ,19.7520503367,96.6708436027,JALISCO,20.3683627551,103.885893537,0.0
45,2017-09-20 10:42:45 miércoles,1505883600.0,2017-09-27 14:15:41 miércoles,1506488400.0,1,i_46,CIUDAD DE MEXICO,19.3828290816,99.1987122071,NUEVO LEON,25.8603325723,100.049741058,0.0
46,2017-10-30 9:42:41 lunes,1509343200.0,2017-11-01 6:34:24 miércoles,1509516000.0,0,i_47,ESTADO DE MEXICO,19.4042375,99.362244537,CIUDAD DE MEXICO,19.3828290816,99.1987122071,0.0
47,2017-11-03 10:3:58 viernes,1509688800.0,2017-11-06 7:44:25 lunes,1509948000.0,0,s,CIUDAD DE MEXICO,19.3828290816,99.1987122071,SAN LUIS POTOSI,22.3660763889,99.5435245371,0.0
48,2017-12-07 8:0:0 jueves,1512626400.0,2017-12-11 13:45:35 lunes,1512972000.0,1,i_49,CIUDAD DE MEXICO,19.3828290816,99.1987122071,JALISCO,20.3683627551,103.885893537,0.0
49,2017-09-27 8:22:45 miércoles,1506488400.0,2017-10-02 8:3:17 lunes,1506920400.0,0,s,PUEBLA,19.158194281,98.1136581699,VERACRUZ,19.7520503367,96.6708436027,0.0
50,2017-11-24 6:43:50 viernes,1511503200.0,2017-11-27 12:26:17 lunes,1511762400.0,1,i_51,NUEVO LEON,25.8603325723,100.049741058,CIUDAD DE MEXICO,19.3828290816,99.1987122071,0.0
51,2017-12-17 9:20:37 domingo,1513490400.0,2017-12-18 1:32:7 lunes,1513576800.0,0,i_52,ESTADO DE MEXICO,19.4042375,99.362244537,CIUDAD DE MEXICO,19.3828290816,99.1987122071,0.0
52,2017-09-29 8:3:32 viernes,1506661200.0,2017-10-02 10:5:10 lunes,1506920400.0,0,s,CIUDAD DE MEXICO,19.3828290816,99.1987122071,GUANAJUATO,21.0145944444,101.299899306,0.0
53,2017-10-11 10:21:28 miércoles,1507698000.0,2017-10-17 5:53:7 martes,1508216400.0,1,s,CIUDAD DE MEXICO,19.3828290816,99.1987122071,JALISCO,20.3683627551,103.885893537,0.0
54,2017-11-24 11:16:50 viernes,1511503200.0,2017-11-27 10:2:17 lunes,1511762400.0,1,i_55,VERACRUZ,19.7520503367,96.6708436027,CIUDAD DE MEXICO,19.3828290816,99.1987122071,0.0
55,2017-10-09 7:30:14 lunes,1507525200.0,2017-10-16 10:35:37 lunes,1508130000.0,1,s,JALISCO,20.3683627551,103.885893537,NUEVO LEON,25.8603325723,100.049741058,0.0
56,2017-11-19 7:23:16 domingo,1511071200.0,2017-11-26 6:40:45 domingo,1511676000.0,1,s,QUERETARO,20.6810876263,100.157593434,NUEVO LEON,25.8603325723,100.049741058,0.0
57,2017-11-24 9:19:20 viernes,1511503200.0,2017-11-27 10:2:40 lunes,1511762400.0,0,s,NUEVO LEON,25.8603325723,100.049741058,SAN LUIS POTOSI,22.3660763889,99.5435245371,0.0
58,2017-11-20 9:1:19 lunes,1511157600.0,2017-11-29 11:13:52 miércoles,1511935200.0,0,i_59,CIUDAD DE MEXICO,19.3828290816,99.1987122071,SAN LUIS POTOSI,22.3660763889,99.5435245371,0.0
59,2017-10-20 11:28:7 viernes,1508475600.0,2017-10-25 12:39:15 miércoles,1508907600.0,1,s,NUEVO LEON,25.8603325723,100.049741058,CIUDAD DE MEXICO,19.3828290816,99.1987122071,0.0
60,2017-09-22 10:25:7 viernes,1506056400.0,2017-09-25 9:48:34 lunes,1506315600.0,1,s,JALISCO,20.3683627551,103.885893537,CIUDAD DE MEXICO,19.3828290816,99.1987122071,0.0
61,2017-11-23 7:6:56 jueves,1511416800.0,2017-11-24 5:16:51 viernes,1511503200.0,1,i_62,VERACRUZ,19.7520503367,96.6708436027,NUEVO LEON,25.8603325723,100.049741058,0.0
62,2017-11-12 9:50:3 domingo,1510466400.0,2017-11-19 7:30:3 domingo,1511071200.0,0,s,NUEVO LEON,25.8603325723,100.049741058,SAN LUIS POTOSI,22.3660763889,99.5435245371,0.0
63,2017-11-10 11:21:17 viernes,1510293600.0,2017-11-14 15:57:48 martes,1510639200.0,0,s,CIUDAD DE MEXICO,19.3828290816,99.1987122071,ESTADO DE MEXICO,19.4042375,99.362244537,0.0
64,2017-11-30 7:32:42 jueves,1512021600.0,2017-12-04 12:33:26 lunes,1512367200.0,0,s,CIUDAD DE MEXICO,19.3828290816,99.1987122071,ESTADO DE MEXICO,19.4042375,99.362244537,0.0
65,2017-11-18 9:39:32 sábado,1510984800.0,2017-11-20 11:39:30 lunes,1511157600.0,1,s,NUEVO LEON,25.8603325723,100.049741058,CIUDAD DE MEXICO,19.3828290816,99.1987122071,0.0
66,2017-11-25 9:22:18 sábado,1511589600.0,2017-11-27 2:27:57 lunes,1511762400.0,1,i_67,JALISCO,20.3683627551,103.885893537,VERACRUZ,19.7520503367,96.6708436027,0.0
67,2017-11-13 7:14:36 lunes,1510552800.0,2017-11-15 9:43:59 miércoles,1510725600.0,1,i_68,CIUDAD DE MEXICO,19.3828290816,99.1987122071,NUEVO LEON,25.8603325723,100.049741058,0.0
68,2017-12-21 11:13:49 jueves,1513836000.0,2017-12-25 18:53:54 lunes,1514181600.0,1,i_69,VERACRUZ,19.7520503367,96.6708436027,ESTADO DE MEXICO,19.4042375,99.362244537,0.0
69,2017-09-30 11:44:6 sábado,1506747600.0,2017-10-04 9:25:36 miércoles,1507093200.0,1,i_70,CIUDAD DE MEXICO,19.3828290816,99.1987122071,VERACRUZ,19.7520503367,96.6708436027,0.0
70,2017-11-19 10:48:15 domingo,1511071200.0,2017-11-20 10:44:8 lunes,1511157600.0,1,i_71,ESTADO DE MEXICO,19.4042375,99.362244537,VERACRUZ,19.7520503367,96.6708436027,0.0
71,2017-12-08 6:58:7 viernes,1512712800.0,2017-12-10 14:3:55 domingo,1512885600.0,0,s,JALISCO,20.3683627551,103.885893537,NUEVO LEON,25.8603325723,100.049741058,0.0
72,2017-10-02 7:27:37 lunes,1506920400.0,2017-10-09 13:34:42 lunes,1507525200.0,0,i_73,CIUDAD DE MEXICO,19.3828290816,99.1987122071,JALISCO,20.3683627551,103.885893537,0.0
73,2017-11-24 10:32:15 viernes,1511503200.0,2017-11-29 11:6:0 miércoles,1511935200.0,0,i_74,CIUDAD DE MEXICO,19.3828290816,99.1987122071,GUANAJUATO,21.0145944444,101.299899306,0.0
74,2017-12-16 9:50:17 sábado,1513404000.0,2017-12-20 11:31:46 miércoles,1513749600.0,0,i_75,CIUDAD DE MEXICO,19.3828290816,99.1987122071,JALISCO,20.3683627551,103.885893537,0.0
75,2017-11-03 9:13:58 viernes,1509688800.0,2017-11-07 3:10:0 martes,1510034400.0,0,s,NUEVO LEON,25.8603325723,100.049741058,ESTADO DE MEXICO,19.4042375,99.362244537,0.0
76,2017-11-27 7:20:5 lunes,1511762400.0,2017-12-04 13:53:33 lunes,1512367200.0,0,s,JALISCO,20.3683627551,103.885893537,NUEVO LEON,25.8603325723,100.049741058,0.0
77,2017-11-10 9:45:35 viernes,1510293600.0,2017-11-14 1:17:50 martes,1510639200.0,1,i_78,NUEVO LEON,25.8603325723,100.049741058,VERACRUZ,19.7520503367,96.6708436027,0.0
78,2017-11-10 11:16:10 viernes,1510293600.0,2017-11-13 8:43:31 lunes,1510552800.0,1,s,VERACRUZ,19.7520503367,96.6708436027,NUEVO LEON,25.8603325723,100.049741058,0.0
79,2017-10-14 6:30:25 sábado,1507957200.0,2017-10-16 15:43:10 lunes,1508130000.0,0,i_80,CIUDAD DE MEXICO,19.3828290816,99.1987122071,VERACRUZ,19.7520503367,96.6708436027,0.0
80,2017-11-13 6:47:47 lunes,1510552800.0,2017-11-15 10:10:22 miércoles,1510725600.0,0,s,VERACRUZ,19.7520503367,96.6708436027,JALISCO,20.3683627551,103.885893537,0.0
81,2017-12-16 11:51:51 sábado,1513404000.0,2017-12-20 6:6:45 miércoles,1513749600.0,1,s,NUEVO LEON,25.8603325723,100.049741058,VERACRUZ,19.7520503367,96.6708436027,0.0
82,2017-11-30 11:52:3 jueves,1512021600.0,2017-12-06 11:35:15 miércoles,1512540000.0,0,i_83,NUEVO LEON,25.8603325723,100.049741058,CIUDAD DE MEXICO,19.3828290816,99.1987122071,0.0
83,2017-12-21 6:22:33 jueves,1513836000.0,2017-12-25 15:51:14 lunes,1514181600.0,1,s,NUEVO LEON,25.8603325723,100.049741058,CIUDAD DE MEXICO,19.3828290816,99.1987122071,0.0
84,2017-10-04 7:15:30 miércoles,1507093200.0,2017-10-09 10:51:58 lunes,1507525200.0,0,s,CIUDAD DE MEXICO,19.3828290816,99.1987122071,VERACRUZ,19.7520503367,96.6708436027,0.0
85,2017-12-07 7:41:48 jueves,1512626400.0,2017-12-12 13:52:55 martes,1513058400.0,0,i_86,VERACRUZ,19.7520503367,96.6708436027,CIUDAD DE MEXICO,19.3828290816,99.1987122071,0.0
86,2017-11-04 8:54:33 sábado,1509775200.0,2017-11-08 3:34:35 miércoles,1510120800.0,0,s,NUEVO LEON,25.8603325723,100.049741058,CIUDAD DE MEXICO,19.3828290816,99.1987122071,0.0
87,2017-10-16 9:45:21 lunes,1508130000.0,2017-10-18 7:53:49 miércoles,1508302800.0,0,i_88,QUERETARO,20.6810876263,100.157593434,VERACRUZ,19.7520503367,96.6708436027,0.0
88,2017-10-29 8:6:26 domingo,1509253200.0,2017-10-31 6:19:25 martes,1509429600.0,1,i_89,QUERETARO,20.6810876263,100.157593434,NUEVO LEON,25.8603325723,100.049741058,0.0
89,2017-11-09 10:51:29 jueves,1510207200.0,2017-11-13 7:34:14 lunes,1510552800.0,1,i_90,SAN LUIS POTOSI,22.3660763889,99.5435245371,CIUDAD DE MEXICO,19.3828290816,99.1987122071,0.0
90,2017-09-20 7:23:0 miércoles,1505883600.0,2017-09-25 17:19:23 lunes,1506315600.0,1,i_91,JALISCO,20.3683627551,103.885893537,CIUDAD DE MEXICO,19.3828290816,99.1987122071,0.0
91,2017-11-16 6:20:23 jueves,1510812000.0,2017-11-23 9:49:36 jueves,1511416800.0,1,i_92,NUEVO LEON,25.8603325723,100.049741058,GUANAJUATO,21.0145944444,101.299899306,0.0
92,2017-10-11 9:7:38 miércoles,1507698000.0,2017-10-16 13:12:9 lunes,1508130000.0,1,s,JALISCO,20.3683627551,103.885893537,CIUDAD DE MEXICO,19.3828290816,99.1987122071,0.0
93,2017-10-14 11:25:32 sábado,1507957200.0,2017-10-18 11:9:10 miércoles,1508302800.0,0,s,CIUDAD DE MEXICO,19.3828290816,99.1987122071,JALISCO,20.3683627551,103.885893537,0.0
94,2017-11-24 6:0:42 viernes,1511503200.0,2017-12-01 15:53:25 viernes,1512108000.0,1,i_95,VERACRUZ,19.7520503367,96.6708436027,JALISCO,20.3683627551,103.885893537,0.0
95,2017-12-13 11:13:11 miércoles,1513144800.0,2017-12-20 13:43:56 miércoles,1513749600.0,1,i_96,ESTADO DE MEXICO,19.4042375,99.362244537,JALISCO,20.3683627551,103.885893537,0.0
96,2017-11-23 10:16:52 jueves,1511416800.0,2017-11-27 10:2:3 lunes,1511762400.0,0,s,CIUDAD DE MEXICO,19.3828290816,99.1987122071,NUEVO LEON,25.8603325723,100.049741058,0.0
97,2017-11-24 7:17:30 viernes,1511503200.0,2017-11-29 9:29:32 miércoles,1511935200.0,0,i_98,PUEBLA,19.158194281,98.1136581699,NUEVO LEON,25.8603325723,100.049741058,0.0
98,2017-10-28 6:9:56 sábado,1509166800.0,2017-11-01 7:25:20 miércoles,1509516000.0,0,i_99,ESTADO DE MEXICO,19.4042375,99.362244537,JALISCO,20.3683627551,103.885893537,0.0
99,2017-12-20 10:43:21 miércoles,1513749600.0,2017-12-25 1:13:7 lunes,1514181600.0,0,i_100,NUEVO LEON,25.8603325723,100.049741058,CIUDAD DE MEXICO,19.3828290816,99.1987122071,0.0
100,2017-10-27 7:42:14 viernes,1509080400.0,2017-10-30 14:31:17 lunes,1509343200.0,1,i_101,GUANAJUATO,21.0145944444,101.299899306,ESTADO DE MEXICO,19.4042375,99.362244537,0.0
101,2017-10-19 8:1:24 jueves,1508389200.0,2017-10-23 8:5:51 lunes,1508734800.0,1,s,CIUDAD DE MEXICO,19.3828290816,99.1987122071,GUANAJUATO,21.0145944444,101.299899306,0.0
102,2017-10-06 8:1:56 viernes,1507266000.0,2017-10-11 6:39:0 miércoles,1507698000.0,1,i_103,PUEBLA,19.158194281,98.1136581699,QUERETARO,20.6810876263,100.157593434,0.0
103,2017-09-27 11:21:31 miércoles,1506488400.0,2017-10-03 5:0:15 martes,1507006800.0,1,s,PUEBLA,19.158194281,98.1136581699,JALISCO,20.3683627551,103.885893537,0.0
104,2017-10-06 9:16:26 viernes,1507266000.0,2017-10-10 10:34:7 martes,1507611600.0,1,i_105,CIUDAD DE MEXICO,19.3828290816,99.1987122071,ESTADO DE MEXICO,19.4042375,99.362244537,0.0
105,2017-10-03 9:20:53 martes,1507006800.0,2017-10-09 16:57:2 lunes,1507525200.0,0,i_106,CIUDAD DE MEXICO,19.3828290816,99.1987122071,PUEBLA,19.158194281,98.1136581699,0.0
106,2017-10-27 9:20:8 viernes,1509080400.0,2017-10-31 6:48:27 martes,1509429600.0,0,s,PUEBLA,19.158194281,98.1136581699,QUERETARO,20.6810876263,100.157593434,0.0
107,2017-10-03 7:57:13 martes,1507006800.0,2017-10-05 8:34:5 jueves,1507179600.0,1,s,JALISCO,20.3683627551,103.885893537,VERACRUZ,19.7520503367,96.6708436027,0.0
108,2017-12-14 7:56:10 jueves,1513231200.0,2017-12-18 6:51:11 lunes,1513576800.0,0,i_109,CIUDAD DE MEXICO,19.3828290816,99.1987122071,NUEVO LEON,25.8603325723,100.049741058,0.0
109,2017-10-24 8:21:48 martes,1508821200.0,2017-10-30 11:3:37 lunes,1509343200.0,0,i_110,ESTADO DE MEXICO,19.4042375,99.362244537,CIUDAD DE MEXICO,19.3828290816,99.1987122071,0.0
110,2017-12-21 11:16:16 jueves,1513836000.0,2017-12-25 6:41:52 lunes,1514181600.0,0,s,VERACRUZ,19.7520503367,96.6708436027,ESTADO DE MEXICO,19.4042375,99.362244537,0.0
111,2017-11-23 7:8:59 jueves,1511416800.0,2017-11-27 13:10:46 lunes,1511762400.0,1,s,CIUDAD DE MEXICO,19.3828290816,99.1987122071,JALISCO,20.3683627551,103.885893537,0.0
112,2017-12-12 10:31:17 martes,1513058400.0,2017-12-15 7:53:44 viernes,1513317600.0,1,s,JALISCO,20.3683627551,103.885893537,CIUDAD DE MEXICO,19.3828290816,99.1987122071,0.0
113,2017-10-28 8:44:34 sábado,1509166800.0,2017-11-09 16:44:34 jueves,1510207200.0,0,i_114,VERACRUZ,19.7520503367,96.6708436027,CIUDAD DE MEXICO,19.3828290816,99.1987122071,0.0
114,2017-10-23 7:57:0 lunes,1508734800.0,2017-10-30 9:8:15 lunes,1509343200.0,0,i_115,PUEBLA,19.158194281,98.1136581699,CIUDAD DE MEXICO,19.3828290816,99.1987122071,0.0
115,2017-12-02 9:57:31 sábado,1512194400.0,2017-12-07 10:27:29 jueves,1512626400.0,0,s,CIUDAD DE MEXICO,19.3828290816,99.1987122071,VERACRUZ,19.7520503367,96.6708436027,0.0
116,2017-12-05 7:35:7 martes,1512453600.0,2017-12-06 7:43:16 miércoles,1512540000.0,0,i_117,VERACRUZ,19.7520503367,96.6708436027,CIUDAD DE MEXICO,19.3828290816,99.1987122071,0.0
117,2017-11-22 9:25:31 miércoles,1511330400.0,2017-11-27 10:5:12 lunes,1511762400.0,0,s,PUEBLA,19.158194281,98.1136581699,JALISCO,20.3683627551,103.885893537,0.0
118,2017-10-28 7:55:10 sábado,1509166800.0,2017-10-31 7:57:55 martes,1509429600.0,1,s,CIUDAD DE MEXICO,19.3828290816,99.1987122071,JALISCO,20.3683627551,103.885893537,0.0
119,2017-10-12 9:39:9 jueves,1507784400.0,2017-10-16 16:8:12 lunes,1508130000.0,1,i_120,JALISCO,20.3683627551,103.885893537,NUEVO LEON,25.8603325723,100.049741058,0.0
120,2017-12-04 8:25:30 lunes,1512367200.0,2017-12-05 16:33:13 martes,1512453600.0,0,i_121,ESTADO DE MEXICO,19.4042375,99.362244537,VERACRUZ,19.7520503367,96.6708436027,0.0
121,2017-09-19 11:26:11 martes,1505797200.0,2017-10-02 12:57:19 lunes,1506920400.0,1,s,ESTADO DE MEXICO,19.4042375,99.362244537,VERACRUZ,19.7520503367,96.6708436027,0.0
122,2017-10-28 11:38:0 sábado,1509166800.0,2017-10-30 13:16:40 lunes,1509343200.0,1,i_123,CIUDAD DE MEXICO,19.3828290816,99.1987122071,QUERETARO,20.6810876263,100.157593434,0.0
123,2017-11-20 9:11:49 lunes,1511157600.0,2017-11-22 11:20:7 miércoles,1511330400.0,1,s,QUERETARO,20.6810876263,100.157593434,NUEVO LEON,25.8603325723,100.049741058,0.0
124,2017-10-31 6:22:0 martes,1509429600.0,2017-11-06 3:18:34 lunes,1509948000.0,0,i_125,VERACRUZ,19.7520503367,96.6708436027,CIUDAD DE MEXICO,19.3828290816,99.1987122071,0.0
125,2017-11-18 6:37:26 sábado,1510984800.0,2017-11-20 8:16:57 lunes,1511157600.0,1,s,CIUDAD DE MEXICO,19.3828290816,99.1987122071,JALISCO,20.3683627551,103.885893537,0.0
126,2017-11-29 6:6:43 miércoles,1511935200.0,2017-11-30 15:28:49 jueves,1512021600.0,0,i_127,CIUDAD DE MEXICO,19.3828290816,99.1987122071,JALISCO,20.3683627551,103.885893537,0.0
127,2017-11-30 8:17:27 jueves,1512021600.0,2017-12-12 8:47:53 martes,1513058400.0,1,i_128,GUANAJUATO,21.0145944444,101.299899306,NUEVO LEON,25.8603325723,100.049741058,0.0
128,2017-09-28 6:18:56 jueves,1506574800.0,2017-10-02 4:28:8 lunes,1506920400.0,0,s,NUEVO LEON,25.8603325723,100.049741058,JALISCO,20.3683627551,103.885893537,0.0
129,2017-10-21 9:18:8 sábado,1508562000.0,2017-10-25 16:41:14 miércoles,1508907600.0,0,s,JALISCO,20.3683627551,103.885893537,VERACRUZ,19.7520503367,96.6708436027,0.0
130,2017-09-20 11:46:28 miércoles,1505883600.0,2017-09-27 1:1:18 miércoles,1506488400.0,1,i_131,ESTADO DE MEXICO,19.4042375,99.362244537,VERACRUZ,19.7520503367,96.6708436027,0.0
131,2017-11-20 11:12:50 lunes,1511157600.0,2017-11-27 8:10:35 lunes,1511762400.0,1,s,ESTADO DE MEXICO,19.4042375,99.362244537,CIUDAD DE MEXICO,19.3828290816,99.1987122071,0.0
132,2017-09-26 10:7:24 martes,1506402000.0,2017-10-03 7:16:52 martes,1507006800.0,1,s,CIUDAD DE MEXICO,19.3828290816,99.1987122071,SAN LUIS POTOSI,22.3660763889,99.5435245371,0.0
133,2017-09-21 6:35:29 jueves,1505970000.0,2017-09-27 9:45:30 miércoles,1506488400.0,1,i_134,CIUDAD DE MEXICO,19.3828290816,99.1987122071,NUEVO LEON,25.8603325723,100.049741058,0.0
134,2017-10-06 10:3:20 viernes,1507266000.0,2017-10-09 16:25:46 lunes,1507525200.0,0,i_135,JALISCO,20.3683627551,103.885893537,NUEVO LEON,25.8603325723,100.049741058,0.0
135,2017-11-17 7:35:17 viernes,1510898400.0,2017-11-20 14:16:13 lunes,1511157600.0,1,i_136,VERACRUZ,19.7520503367,96.6708436027,GUANAJUATO,21.0145944444,101.299899306,0.0
136,2017-10-30 7:26:47 lunes,1509343200.0,2017-10-31 7:14:20 martes,1509429600.0,1,i_137,CIUDAD DE MEXICO,19.3828290816,99.1987122071,NUEVO LEON,25.8603325723,100.049741058,0.0
137,2017-09-30 11:24:50 sábado,1506747600.0,2017-10-01 11:10:44 domingo,1506834000.0,1,s,CIUDAD DE MEXICO,19.3828290816,99.1987122071,NUEVO LEON,25.8603325723,100.049741058,0.0
138,2017-10-05 8:16:43 jueves,1507179600.0,2017-10-09 15:48:3 lunes,1507525200.0,1,i_139,VERACRUZ,19.7520503367,96.6708436027,JALISCO,20.3683627551,103.885893537,0.0
139,2017-11-13 6:28:30 lunes,1510552800.0,2017-11-20 9:3:43 lunes,1511157600.0,1,i_140,PUEBLA,19.158194281,98.1136581699,NUEVO LEON,25.8603325723,100.049741058,0.0
140,2017-09-23 7:7:53 sábado,1506142800.0,2017-09-25 13:5:58 lunes,1506315600.0,0,i_141,VERACRUZ,19.7520503367,96.6708436027,CIUDAD DE MEXICO,19.3828290816,99.1987122071,0.0
141,2017-09-28 11:2:2 jueves,1506574800.0,2017-10-02 10:44:50 lunes,1506920400.0,1,s,VERACRUZ,19.7520503367,96.6708436027,PUEBLA,19.158194281,98.1136581699,0.0
142,2017-10-21 6:50:49 sábado,1508562000.0,2017-10-25 6:42:21 miércoles,1508907600.0,0,i_143,ESTADO DE MEXICO,19.4042375,99.362244537,JALISCO,20.3683627551,103.885893537,0.0
143,2017-10-28 7:43:10 sábado,1509166800.0,2017-11-01 9:10:56 miércoles,1509516000.0,0,i_144,CIUDAD DE MEXICO,19.3828290816,99.1987122071,ESTADO DE MEXICO,19.4042375,99.362244537,0.0
144,2017-11-18 6:17:26 sábado,1510984800.0,2017-11-20 9:56:42 lunes,1511157600.0,1,s,QUERETARO,20.6810876263,100.157593434,VERACRUZ,19.7520503367,96.6708436027,0.0
145,2017-12-10 8:31:9 domingo,1512885600.0,2017-12-13 10:59:39 miércoles,1513144800.0,1,s,CIUDAD DE MEXICO,19.3828290816,99.1987122071,JALISCO,20.3683627551,103.885893537,0.0
146,2017-11-18 7:34:12 sábado,1510984800.0,2017-11-23 6:52:48 jueves,1511416800.0,0,i_147,VERACRUZ,19.7520503367,96.6708436027,JALISCO,20.3683627551,103.885893537,0.0
147,2017-12-13 8:5:13 miércoles,1513144800.0,2017-12-20 4:56:2 miércoles,1513749600.0,0,i_148,CIUDAD DE MEXICO,19.3828290816,99.1987122071,GUANAJUATO,21.0145944444,101.299899306,0.0
148,2017-10-23 7:58:20 lunes,1508734800.0,2017-10-30 3:38:5 lunes,1509343200.0,1,i_149,CIUDAD DE MEXICO,19.3828290816,99.1987122071,NUEVO LEON,25.8603325723,100.049741058,0.0
149,2017-12-09 6:10:22 sábado,1512799200.0,2017-12-11 11:45:7 lunes,1512972000.0,1,s,VERACRUZ,19.7520503367,96.6708436027,CIUDAD DE MEXICO,19.3828290816,99.1987122071,0.0
150,2017-12-24 9:41:5 domingo,1514095200.0,2017-12-25 7:1:1 lunes,1514181600.0,1,s,CIUDAD DE MEXICO,19.3828290816,99.1987122071,VERACRUZ,19.7520503367,96.6708436027,0.0
151,2017-11-28 9:30:21 martes,1511848800.0,2017-11-29 10:36:18 miércoles,1511935200.0,1,s,QUERETARO,20.6810876263,100.157593434,VERACRUZ,19.7520503367,96.6708436027,0.0
152,2017-10-17 10:45:44 martes,1508216400.0,2017-10-23 1:35:40 lunes,1508734800.0,1,s,VERACRUZ,19.7520503367,96.6708436027,JALISCO,20.3683627551,103.885893537,0.0
153,2017-11-29 10:35:18 miércoles,1511935200.0,2017-12-04 7:23:10 lunes,1512367200.0,0,s,VERACRUZ,19.7520503367,96.6708436027,GUANAJUATO,21.0145944444,101.299899306,0.0
154,2017-10-26 10:11:40 jueves,1508994000.0,2017-11-01 6:10:12 miércoles,1509516000.0,0,s,QUERETARO,20.6810876263,100.157593434,VERACRUZ,19.7520503367,96.6708436027,0.0
155,2017-11-02 11:48:29 jueves,1509602400.0,2017-11-06 7:52:2 lunes,1509948000.0,1,s,QUERETARO,20.6810876263,100.157593434,VERACRUZ,19.7520503367,96.6708436027,0.0
156,2017-12-02 7:57:29 sábado,1512194400.0,2017-12-04 12:49:16 lunes,1512367200.0,0,s,QUERETARO,20.6810876263,100.157593434,PUEBLA,19.158194281,98.1136581699,0.0
157,2017-12-19 6:22:25 martes,1513663200.0,2017-12-25 6:45:23 lunes,1514181600.0,1,i_158,QUERETARO,20.6810876263,100.157593434,NUEVO LEON,25.8603325723,100.049741058,0.0
158,2017-12-09 11:33:46 sábado,1512799200.0,2017-12-13 1:30:29 miércoles,1513144800.0,0,s,QUERETARO,20.6810876263,100.157593434,NUEVO LEON,25.8603325723,100.049741058,0.0
159,2017-10-04 7:42:17 miércoles,1507093200.0,2017-10-09 17:5:50 lunes,1507525200.0,1,s,QUERETARO,20.6810876263,100.157593434,NUEVO LEON,25.8603325723,100.049741058,0.0
160,2017-12-01 9:4:0 viernes,1512108000.0,2017-12-03 9:42:51 domingo,1512280800.0,0,i_161,QUERETARO,20.6810876263,100.157593434,VERACRUZ,19.7520503367,96.6708436027,0.0
161,2017-09-25 7:7:11 lunes,1506315600.0,2017-10-02 15:40:7 lunes,1506920400.0,1,i_162,QUERETARO,20.6810876263,100.157593434,VERACRUZ,19.7520503367,96.6708436027,0.0
162,2017-10-15 7:11:8 domingo,1508043600.0,2017-10-17 17:16:38 martes,1508216400.0,0,s,QUERETARO,20.6810876263,100.157593434,NUEVO LEON,25.8603325723,100.049741058,0.0
163,2017-10-15 9:40:54 domingo,1508043600.0,2017-10-17 15:55:5 martes,1508216400.0,0,s,QUERETARO,20.6810876263,100.157593434,NUEVO LEON,25.8603325723,100.049741058,0.0
164,2017-10-08 8:9:42 domingo,1507438800.0,2017-10-11 11:20:21 miércoles,1507698000.0,0,s,QUERETARO,20.6810876263,100.157593434,NUEVO LEON,25.8603325723,100.049741058,0.0
165,2017-12-19 9:43:6 martes,1513663200.0,2017-12-25 7:22:21 lunes,1514181600.0,1,s,QUERETARO,20.6810876263,100.157593434,VERACRUZ,19.7520503367,96.6708436027,0.0
166,2017-10-22 8:3:14 domingo,1508648400.0,2017-10-25 9:16:45 miércoles,1508907600.0,0,i_167,QUERETARO,20.6810876263,100.157593434,NUEVO LEON,25.8603325723,100.049741058,0.0
167,2017-12-09 10:43:10 sábado,1512799200.0,2017-12-18 15:42:15 lunes,1513576800.0,0,s,QUERETARO,20.6810876263,100.157593434,CIUDAD DE MEXICO,19.3828290816,99.1987122071,0.0
168,2017-11-01 11:38:44 miércoles,1509516000.0,2017-11-08 9:25:52 miércoles,1510120800.0,1,s,QUERETARO,20.6810876263,100.157593434,VERACRUZ,19.7520503367,96.6708436027,0.0
169,2017-11-10 6:4:45 viernes,1510293600.0,2017-11-15 12:45:8 miércoles,1510725600.0,1,s,QUERETARO,20.6810876263,100.157593434,VERACRUZ,19.7520503367,96.6708436027,0.0
170,2017-12-04 8:15:11 lunes,1512367200.0,2017-12-06 13:42:38 miércoles,1512540000.0,1,s,QUERETARO,20.6810876263,100.157593434,JALISCO,20.3683627551,103.885893537,0.0
171,2017-10-11 9:54:37 miércoles,1507698000.0,2017-10-16 12:55:28 lunes,1508130000.0,1,i_172,QUERETARO,20.6810876263,100.157593434,PUEBLA,19.158194281,98.1136581699,0.0
172,2017-11-04 8:24:40 sábado,1509775200.0,2017-11-06 2:23:4 lunes,1509948000.0,1,s,QUERETARO,20.6810876263,100.157593434,JALISCO,20.3683627551,103.885893537,0.0
173,2017-11-24 6:37:35 viernes,1511503200.0,2017-11-27 10:18:39 lunes,1511762400.0,1,i_174,QUERETARO,20.6810876263,100.157593434,VERACRUZ,19.7520503367,96.6708436027,0.0
174,2017-11-19 7:36:5 domingo,1511071200.0,2017-11-20 9:23:13 lunes,1511157600.0,0,i_175,QUERETARO,20.6810876263,100.157593434,VERACRUZ,19.7520503367,96.6708436027,0.0
175,2017-09-23 11:21:4 sábado,1506142800.0,2017-09-25 13:21:13 lunes,1506315600.0,0,s,QUERETARO,20.6810876263,100.157593434,PUEBLA,19.158194281,98.1136581699,0.0
176,2017-11-10 7:50:19 viernes,1510293600.0,2017-11-13 17:18:3 lunes,1510552800.0,1,s,QUERETARO,20.6810876263,100.157593434,NUEVO LEON,25.8603325723,100.049741058,0.0
177,2017-10-16 9:43:0 lunes,1508130000.0,2017-10-23 14:38:50 lunes,1508734800.0,0,s,QUERETARO,20.6810876263,100.157593434,PUEBLA,19.158194281,98.1136581699,0.0
178,2017-12-13 10:23:37 miércoles,1513144800.0,2017-12-18 6:0:54 lunes,1513576800.0,1,i_179,QUERETARO,20.6810876263,100.157593434,NUEVO LEON,25.8603325723,100.049741058,0.0
179,2017-12-15 11:43:39 viernes,1513317600.0,2017-12-19 9:10:16 martes,1513663200.0,0,s,QUERETARO,20.6810876263,100.157593434,NUEVO LEON,25.8603325723,100.049741058,0.0
180,2017-11-24 6:20:29 viernes,1511503200.0,2017-11-27 8:53:21 lunes,1511762400.0,1,i_181,QUERETARO,20.6810876263,100.157593434,NUEVO LEON,25.8603325723,100.049741058,0.0
181,2017-09-12 7:23:29 martes,1505192400.0,2017-09-27 9:52:35 miércoles,1506488400.0,0,i_182,QUERETARO,20.6810876263,100.157593434,NUEVO LEON,25.8603325723,100.049741058,0.0
182,2017-09-23 6:56:22 sábado,1506142800.0,2017-09-27 13:17:16 miércoles,1506488400.0,1,s,QUERETARO,20.6810876263,100.157593434,NUEVO LEON,25.8603325723,100.049741058,0.0
183,2017-09-21 8:52:33 jueves,1505970000.0,2017-09-27 7:13:26 miércoles,1506488400.0,0,s,QUERETARO,20.6810876263,100.157593434,CIUDAD DE MEXICO,19.3828290816,99.1987122071,0.0
184,2017-09-27 11:27:25 miércoles,1506488400.0,2017-10-02 10:38:51 lunes,1506920400.0,1,i_185,QUERETARO,20.6810876263,100.157593434,VERACRUZ,19.7520503367,96.6708436027,0.0
185,2017-12-16 8:59:21 sábado,1513404000.0,2017-12-18 10:57:59 lunes,1513576800.0,1,s,QUERETARO,20.6810876263,100.157593434,PUEBLA,19.158194281,98.1136581699,0.0
186,2017-12-21 9:27:39 jueves,1513836000.0,2017-12-25 4:2:17 lunes,1514181600.0,0,s,QUERETARO,20.6810876263,100.157593434,JALISCO,20.3683627551,103.885893537,0.0
187,2017-10-18 8:30:45 miércoles,1508302800.0,2017-10-24 10:2:36 martes,1508821200.0,0,i_188,QUERETARO,20.6810876263,100.157593434,CIUDAD DE MEXICO,19.3828290816,99.1987122071,0.0
188,2017-11-14 8:25:34 martes,1510639200.0,2017-11-16 8:19:15 jueves,1510812000.0,0,s,QUERETARO,20.6810876263,100.157593434,NUEVO LEON,25.8603325723,100.049741058,0.0
189,2017-12-05 10:14:16 martes,1512453600.0,2017-12-09 7:57:40 sábado,1512799200.0,0,s,QUERETARO,20.6810876263,100.157593434,NUEVO LEON,25.8603325723,100.049741058,0.0
190,2017-10-13 7:57:58 viernes,1507870800.0,2017-10-23 17:55:31 lunes,1508734800.0,0,s,QUERETARO,20.6810876263,100.157593434,NUEVO LEON,25.8603325723,100.049741058,0.0
191,2017-12-02 9:51:52 sábado,1512194400.0,2017-12-05 9:42:50 martes,1512453600.0,0,s,QUERETARO,20.6810876263,100.157593434,CIUDAD DE MEXICO,19.3828290816,99.1987122071,0.0
192,2017-11-01 6:21:32 miércoles,1509516000.0,2017-11-08 9:2:39 miércoles,1510120800.0,1,i_193,QUERETARO,20.6810876263,100.157593434,CIUDAD DE MEXICO,19.3828290816,99.1987122071,0.0
193,2017-12-15 8:51:39 viernes,1513317600.0,2017-12-25 0:40:49 lunes,1514181600.0,1,i_194,QUERETARO,20.6810876263,100.157593434,NUEVO LEON,25.8603325723,100.049741058,0.0
194,2017-12-22 10:46:51 viernes,1513922400.0,2017-12-24 1:20:25 domingo,1514095200.0,0,i_195,QUERETARO,20.6810876263,100.157593434,VERACRUZ,19.7520503367,96.6708436027,0.0
195,2017-10-03 11:48:55 martes,1507006800.0,2017-10-08 14:31:46 domingo,1507438800.0,0,i_196,QUERETARO,20.6810876263,100.157593434,PUEBLA,19.158194281,98.1136581699,0.0
196,2017-10-07 11:2:33 sábado,1507352400.0,2017-10-11 9:50:49 miércoles,1507698000.0,1,i_197,QUERETARO,20.6810876263,100.157593434,NUEVO LEON,25.8603325723,100.049741058,0.0
197,2017-10-15 10:30:47 domingo,1508043600.0,2017-10-17 8:53:51 martes,1508216400.0,1,s,QUERETARO,20.6810876263,100.157593434,VERACRUZ,19.7520503367,96.6708436027,0.0
198,2017-09-30 9:23:45 sábado,1506747600.0,2017-10-05 13:3:30 jueves,1507179600.0,1,i_199,QUERETARO,20.6810876263,100.157593434,JALISCO,20.3683627551,103.885893537,0.0
199,2017-11-29 11:4:9 miércoles,1511935200.0,2017-12-13 7:11:6 miércoles,1513144800.0,0,s,QUERETARO,20.6810876263,100.157593434,VERACRUZ,19.7520503367,96.6708436027,0.0
200,2017-09-28 7:15:43 jueves,1506574800.0,2017-10-03 15:43:57 martes,1507006800.0,0,i_201,QUERETARO,20.6810876263,100.157593434,CIUDAD DE MEXICO,19.3828290816,99.1987122071,0.0
201,2017-12-13 6:18:18 miércoles,1513144800.0,2017-12-18 13:45:0 lunes,1513576800.0,0,i_202,QUERETARO,20.6810876263,100.157593434,NUEVO LEON,25.8603325723,100.049741058,0.0
202,2017-10-21 11:34:50 sábado,1508562000.0,2017-10-25 9:54:14 miércoles,1508907600.0,0,i_203,QUERETARO,20.6810876263,100.157593434,NUEVO LEON,25.8603325723,100.049741058,0.0
203,2017-12-14 6:47:2 jueves,1513231200.0,2017-12-18 7:33:31 lunes,1513576800.0,0,i_204,QUERETARO,20.6810876263,100.157593434,NUEVO LEON,25.8603325723,100.049741058,0.0
204,2017-12-23 6:10:22 sábado,1514008800.0,2017-12-25 15:45:19 lunes,1514181600.0,0,s,QUERETARO,20.6810876263,100.157593434,NUEVO LEON,25.8603325723,100.049741058,0.0
205,2017-10-20 viernes,17459.2083333,2017-10-25 miércoles,17464.2083333,0,i_1,CIUDAD DE MEXICO,20.3683627551,103.885893537,JALISCO,19.3828290816,99.1987122071,1.0
206,2017-12-01 viernes,17501.75,2017-12-05 martes,17505.75,0,i_7,NUEVO LEON,19.3828290816,99.1987122071,CIUDAD DE MEXICO,25.8603325723,100.049741058,0.0
207,2017-11-07 martes,17477.25,2017-11-09 jueves,17479.25,1,i_9,CIUDAD DE MEXICO,19.7520503367,96.6708436027,VERACRUZ,19.3828290816,99.1987122071,0.0
208,2017-11-26 domingo,17496.5833333,2017-11-27 lunes,17497.5833333,1,i_11,VERACRUZ,19.3828290816,99.1987122071,CIUDAD DE MEXICO,19.7520503367,96.6708436027,0.0
209,2017-10-15 domingo,17454.7083333,2017-10-17 martes,17456.7083333,1,i_12,CIUDAD DE MEXICO,25.8603325723,100.049741058,NUEVO LEON,19.3828290816,99.1987122071,0.0
210,2017-11-04 sábado,17474.75,2017-11-10 viernes,17480.75,0,i_14,CIUDAD DE MEXICO,25.8603325723,100.049741058,NUEVO LEON,19.3828290816,99.1987122071,0.0
211,2017-11-22 miércoles,17492.75,2017-11-29 miércoles,17499.75,1,i_16,NUEVO LEON,19.3828290816,99.1987122071,CIUDAD DE MEXICO,25.8603325723,100.049741058,0.0
212,2017-09-29 viernes,17438.5416667,2017-10-03 martes,17442.5416667,1,i_17,SAN LUIS POTOSI,19.158194281,98.1136581699,PUEBLA,22.3660763889,99.5435245371,0.0
213,2017-11-09 jueves,17479.75,2017-11-15 miércoles,17485.75,0,i_18,NUEVO LEON,19.3828290816,99.1987122071,CIUDAD DE MEXICO,25.8603325723,100.049741058,0.0
214,2017-10-10 martes,17449.7083333,2017-10-16 lunes,17455.7083333,1,i_21,NUEVO LEON,19.3828290816,99.1987122071,CIUDAD DE MEXICO,25.8603325723,100.049741058,0.0
215,2017-12-03 domingo,17503.25,2017-12-05 martes,17505.25,1,i_23,CIUDAD DE MEXICO,20.3683627551,103.885893537,JALISCO,19.3828290816,99.1987122071,0.0
216,2017-09-29 viernes,17438.5416667,2017-10-01 domingo,17440.5416667,1,i_28,PUEBLA,19.3828290816,99.1987122071,CIUDAD DE MEXICO,19.158194281,98.1136581699,1.0
217,2017-10-27 viernes,17466.7083333,2017-10-31 martes,17470.75,0,i_30,CIUDAD DE MEXICO,19.4042375,99.362244537,ESTADO DE MEXICO,19.3828290816,99.1987122071,0.0
218,2017-11-11 sábado,17481.5833333,2017-11-15 miércoles,17485.5833333,1,i_31,PUEBLA,19.3828290816,99.1987122071,CIUDAD DE MEXICO,19.158194281,98.1136581699,0.0
219,2017-10-03 martes,17442.7083333,2017-10-06 viernes,17445.7083333,1,i_32,JALISCO,25.8603325723,100.049741058,NUEVO LEON,20.3683627551,103.885893537,0.0
220,2017-11-23 jueves,17493.25,2017-12-06 miércoles,17506.25,0,i_33,CIUDAD DE MEXICO,20.3683627551,103.885893537,JALISCO,19.3828290816,99.1987122071,0.0
221,2017-10-26 jueves,17465.5416667,2017-11-01 miércoles,17471.5833333,1,i_36,JALISCO,19.3828290816,99.1987122071,CIUDAD DE MEXICO,20.3683627551,103.885893537,0.0
222,2017-10-07 sábado,17446.2083333,2017-10-10 martes,17449.2083333,0,i_38,NUEVO LEON,21.0145944444,101.299899306,GUANAJUATO,25.8603325723,100.049741058,0.0
223,2017-12-05 martes,17505.25,2017-12-07 jueves,17507.25,0,i_39,NUEVO LEON,19.3828290816,99.1987122071,CIUDAD DE MEXICO,25.8603325723,100.049741058,0.0
224,2017-10-18 miércoles,17457.5416667,2017-10-25 miércoles,17464.5416667,1,i_40,PUEBLA,25.8603325723,100.049741058,NUEVO LEON,19.158194281,98.1136581699,0.0
225,2017-12-21 jueves,17521.25,2017-12-26 martes,17526.25,0,i_44,CIUDAD DE MEXICO,20.3683627551,103.885893537,JALISCO,19.3828290816,99.1987122071,0.0
226,2017-09-21 jueves,17430.2083333,2017-09-28 jueves,17437.2083333,1,i_46,NUEVO LEON,19.3828290816,99.1987122071,CIUDAD DE MEXICO,25.8603325723,100.049741058,0.0
227,2017-10-31 martes,17470.25,2017-11-02 jueves,17472.25,0,i_47,CIUDAD DE MEXICO,19.4042375,99.362244537,ESTADO DE MEXICO,19.3828290816,99.1987122071,0.0
228,2017-12-08 viernes,17508.25,2017-12-12 martes,17512.25,1,i_49,JALISCO,19.3828290816,99.1987122071,CIUDAD DE MEXICO,20.3683627551,103.885893537,0.0
229,2017-11-24 viernes,17494.75,2017-11-27 lunes,17497.75,1,i_51,CIUDAD DE MEXICO,25.8603325723,100.049741058,NUEVO LEON,19.3828290816,99.1987122071,0.0
230,2017-12-17 domingo,17517.75,2017-12-18 lunes,17518.75,0,i_52,CIUDAD DE MEXICO,19.4042375,99.362244537,ESTADO DE MEXICO,19.3828290816,99.1987122071,0.0
231,2017-11-24 viernes,17494.5833333,2017-11-27 lunes,17497.5833333,1,i_55,CIUDAD DE MEXICO,19.7520503367,96.6708436027,VERACRUZ,19.3828290816,99.1987122071,0.0
232,2017-11-21 martes,17491.25,2017-11-30 jueves,17500.25,0,i_59,SAN LUIS POTOSI,19.3828290816,99.1987122071,CIUDAD DE MEXICO,22.3660763889,99.5435245371,0.0
233,2017-11-25 sábado,17495.25,2017-11-26 domingo,17496.25,1,i_62,NUEVO LEON,19.7520503367,96.6708436027,VERACRUZ,25.8603325723,100.049741058,0.0
234,2017-11-27 lunes,17497.25,2017-11-29 miércoles,17499.25,1,i_67,VERACRUZ,20.3683627551,103.885893537,JALISCO,19.7520503367,96.6708436027,0.0
235,2017-11-15 miércoles,17485.25,2017-11-17 viernes,17487.25,1,i_68,NUEVO LEON,19.3828290816,99.1987122071,CIUDAD DE MEXICO,25.8603325723,100.049741058,0.0
236,2017-12-22 viernes,17522.75,2017-12-26 martes,17526.75,1,i_69,ESTADO DE MEXICO,19.7520503367,96.6708436027,VERACRUZ,19.4042375,99.362244537,0.0
237,2017-10-01 domingo,17440.2083333,2017-10-05 jueves,17444.2083333,1,i_70,VERACRUZ,19.3828290816,99.1987122071,CIUDAD DE MEXICO,19.7520503367,96.6708436027,0.0
238,2017-11-20 lunes,17490.25,2017-11-21 martes,17491.25,1,i_71,VERACRUZ,19.4042375,99.362244537,ESTADO DE MEXICO,19.7520503367,96.6708436027,0.0
239,2017-10-04 miércoles,17443.2083333,2017-10-11 miércoles,17450.2083333,0,i_73,JALISCO,19.3828290816,99.1987122071,CIUDAD DE MEXICO,20.3683627551,103.885893537,0.0
240,2017-11-24 viernes,17494.5833333,2017-11-29 miércoles,17499.5833333,0,i_74,GUANAJUATO,19.3828290816,99.1987122071,CIUDAD DE MEXICO,21.0145944444,101.299899306,0.0
241,2017-12-18 lunes,17518.25,2017-12-22 viernes,17522.25,0,i_75,JALISCO,19.3828290816,99.1987122071,CIUDAD DE MEXICO,20.3683627551,103.885893537,0.0
242,2017-11-12 domingo,17482.25,2017-11-16 jueves,17486.25,1,i_78,VERACRUZ,25.8603325723,100.049741058,NUEVO LEON,19.7520503367,96.6708436027,0.0
243,2017-10-16 lunes,17455.2083333,2017-10-18 miércoles,17457.2083333,0,i_80,VERACRUZ,19.3828290816,99.1987122071,CIUDAD DE MEXICO,19.7520503367,96.6708436027,0.0
244,2017-11-30 jueves,17500.5833333,2017-12-06 miércoles,17506.5833333,0,i_83,CIUDAD DE MEXICO,25.8603325723,100.049741058,NUEVO LEON,19.3828290816,99.1987122071,0.0
245,2017-12-07 jueves,17507.5833333,2017-12-12 martes,17512.5833333,0,i_86,CIUDAD DE MEXICO,19.7520503367,96.6708436027,VERACRUZ,19.3828290816,99.1987122071,0.0
246,2017-10-18 miércoles,17457.2083333,2017-10-20 viernes,17459.2083333,0,i_88,VERACRUZ,20.6810876263,100.157593434,QUERETARO,19.7520503367,96.6708436027,0.0
247,2017-10-30 lunes,17469.7083333,2017-11-01 miércoles,17471.75,1,i_89,NUEVO LEON,20.6810876263,100.157593434,QUERETARO,25.8603325723,100.049741058,0.0
248,2017-11-09 jueves,17479.75,2017-11-13 lunes,17483.75,1,i_90,CIUDAD DE MEXICO,22.3660763889,99.5435245371,SAN LUIS POTOSI,19.3828290816,99.1987122071,0.0
249,2017-09-20 miércoles,17429.7083333,2017-09-25 lunes,17434.7083333,1,i_91,CIUDAD DE MEXICO,20.3683627551,103.885893537,JALISCO,19.3828290816,99.1987122071,0.0
250,2017-11-17 viernes,17487.75,2017-11-24 viernes,17494.75,1,i_92,GUANAJUATO,25.8603325723,100.049741058,NUEVO LEON,21.0145944444,101.299899306,0.0
251,2017-11-24 viernes,17494.75,2017-12-01 viernes,17501.75,1,i_95,JALISCO,19.7520503367,96.6708436027,VERACRUZ,20.3683627551,103.885893537,0.0
252,2017-12-14 jueves,17514.25,2017-12-21 jueves,17521.25,1,i_96,JALISCO,19.4042375,99.362244537,ESTADO DE MEXICO,20.3683627551,103.885893537,0.0
253,2017-11-25 sábado,17495.75,2017-11-30 jueves,17500.75,0,i_98,NUEVO LEON,19.158194281,98.1136581699,PUEBLA,25.8603325723,100.049741058,0.0
254,2017-10-28 sábado,17467.5416667,2017-11-01 miércoles,17471.5833333,0,i_99,JALISCO,19.4042375,99.362244537,ESTADO DE MEXICO,20.3683627551,103.885893537,0.0
255,2017-12-22 viernes,17522.25,2017-12-27 miércoles,17527.25,0,i_100,CIUDAD DE MEXICO,25.8603325723,100.049741058,NUEVO LEON,19.3828290816,99.1987122071,0.0
256,2017-10-29 domingo,17468.2083333,2017-11-01 miércoles,17471.25,1,i_101,ESTADO DE MEXICO,21.0145944444,101.299899306,GUANAJUATO,19.4042375,99.362244537,0.0
257,2017-10-06 viernes,17445.7083333,2017-10-11 miércoles,17450.7083333,1,i_103,QUERETARO,19.158194281,98.1136581699,PUEBLA,20.6810876263,100.157593434,0.0
258,2017-10-06 viernes,17445.7083333,2017-10-10 martes,17449.7083333,1,i_105,ESTADO DE MEXICO,19.3828290816,99.1987122071,CIUDAD DE MEXICO,19.4042375,99.362244537,0.0
259,2017-10-04 miércoles,17443.2083333,2017-10-10 martes,17449.2083333,0,i_106,PUEBLA,19.3828290816,99.1987122071,CIUDAD DE MEXICO,19.158194281,98.1136581699,0.0
260,2017-12-16 sábado,17516.25,2017-12-20 miércoles,17520.25,0,i_109,NUEVO LEON,19.3828290816,99.1987122071,CIUDAD DE MEXICO,25.8603325723,100.049741058,0.0
261,2017-10-24 martes,17463.5416667,2017-10-30 lunes,17469.5833333,0,i_110,CIUDAD DE MEXICO,19.4042375,99.362244537,ESTADO DE MEXICO,19.3828290816,99.1987122071,0.0
262,2017-10-30 lunes,17469.2083333,2017-11-11 sábado,17481.25,0,i_114,CIUDAD DE MEXICO,19.7520503367,96.6708436027,VERACRUZ,19.3828290816,99.1987122071,0.0
263,2017-10-24 martes,17463.7083333,2017-10-31 martes,17470.75,0,i_115,CIUDAD DE MEXICO,19.158194281,98.1136581699,PUEBLA,19.3828290816,99.1987122071,0.0
264,2017-12-07 jueves,17507.25,2017-12-08 viernes,17508.25,0,i_117,CIUDAD DE MEXICO,19.7520503367,96.6708436027,VERACRUZ,19.3828290816,99.1987122071,0.0
265,2017-10-14 sábado,17453.2083333,2017-10-18 miércoles,17457.2083333,1,i_120,NUEVO LEON,20.3683627551,103.885893537,JALISCO,25.8603325723,100.049741058,0.0
266,2017-12-06 miércoles,17506.25,2017-12-07 jueves,17507.25,0,i_121,VERACRUZ,19.4042375,99.362244537,ESTADO DE MEXICO,19.7520503367,96.6708436027,0.0
267,2017-10-29 domingo,17468.2083333,2017-10-31 martes,17470.25,1,i_123,QUERETARO,19.3828290816,99.1987122071,CIUDAD DE MEXICO,20.6810876263,100.157593434,0.0
268,2017-10-31 martes,17470.75,2017-11-06 lunes,17476.75,0,i_125,CIUDAD DE MEXICO,19.7520503367,96.6708436027,VERACRUZ,19.3828290816,99.1987122071,0.0
269,2017-11-30 jueves,17500.25,2017-12-01 viernes,17501.25,0,i_127,JALISCO,19.3828290816,99.1987122071,CIUDAD DE MEXICO,20.3683627551,103.885893537,0.0
270,2017-12-01 viernes,17501.25,2017-12-13 miércoles,17513.25,1,i_128,NUEVO LEON,21.0145944444,101.299899306,GUANAJUATO,25.8603325723,100.049741058,0.0
271,2017-09-21 jueves,17430.7083333,2017-09-28 jueves,17437.7083333,1,i_131,VERACRUZ,19.4042375,99.362244537,ESTADO DE MEXICO,19.7520503367,96.6708436027,0.0
272,2017-09-22 viernes,17431.7083333,2017-09-28 jueves,17437.7083333,1,i_134,NUEVO LEON,19.3828290816,99.1987122071,CIUDAD DE MEXICO,25.8603325723,100.049741058,0.0
273,2017-10-07 sábado,17446.7083333,2017-10-10 martes,17449.7083333,0,i_135,NUEVO LEON,20.3683627551,103.885893537,JALISCO,25.8603325723,100.049741058,0.0
274,2017-11-18 sábado,17488.75,2017-11-21 martes,17491.75,1,i_136,GUANAJUATO,19.7520503367,96.6708436027,VERACRUZ,21.0145944444,101.299899306,0.0
275,2017-10-31 martes,17470.25,2017-11-01 miércoles,17471.25,1,i_137,NUEVO LEON,19.3828290816,99.1987122071,CIUDAD DE MEXICO,25.8603325723,100.049741058,0.0
276,2017-10-05 jueves,17444.7083333,2017-10-09 lunes,17448.7083333,1,i_139,JALISCO,19.7520503367,96.6708436027,VERACRUZ,20.3683627551,103.885893537,0.0
277,2017-11-14 martes,17484.75,2017-11-21 martes,17491.75,1,i_140,NUEVO LEON,19.158194281,98.1136581699,PUEBLA,25.8603325723,100.049741058,0.0
278,2017-09-25 lunes,17434.2083333,2017-09-27 miércoles,17436.2083333,0,i_141,CIUDAD DE MEXICO,19.7520503367,96.6708436027,VERACRUZ,19.3828290816,99.1987122071,0.0
279,2017-10-21 sábado,17460.7083333,2017-10-25 miércoles,17464.7083333,0,i_143,JALISCO,19.4042375,99.362244537,ESTADO DE MEXICO,20.3683627551,103.885893537,0.0
280,2017-10-29 domingo,17468.2083333,2017-11-02 jueves,17472.25,0,i_144,ESTADO DE MEXICO,19.3828290816,99.1987122071,CIUDAD DE MEXICO,19.4042375,99.362244537,0.0
281,2017-11-19 domingo,17489.75,2017-11-24 viernes,17494.75,0,i_147,JALISCO,19.7520503367,96.6708436027,VERACRUZ,20.3683627551,103.885893537,0.0
282,2017-12-13 miércoles,17513.75,2017-12-20 miércoles,17520.75,0,i_148,GUANAJUATO,19.3828290816,99.1987122071,CIUDAD DE MEXICO,21.0145944444,101.299899306,0.0
283,2017-10-24 martes,17463.7083333,2017-10-31 martes,17470.75,1,i_149,NUEVO LEON,19.3828290816,99.1987122071,CIUDAD DE MEXICO,25.8603325723,100.049741058,0.0
284,2017-12-21 jueves,17521.25,2017-12-27 miércoles,17527.25,1,i_158,NUEVO LEON,20.6810876263,100.157593434,QUERETARO,25.8603325723,100.049741058,0.0
285,2017-12-02 sábado,17502.75,2017-12-04 lunes,17504.75,0,i_161,VERACRUZ,20.6810876263,100.157593434,QUERETARO,19.7520503367,96.6708436027,0.0
286,2017-09-25 lunes,17434.7083333,2017-10-02 lunes,17441.7083333,1,i_162,VERACRUZ,20.6810876263,100.157593434,QUERETARO,19.7520503367,96.6708436027,0.0
287,2017-10-24 martes,17463.2083333,2017-10-27 viernes,17466.2083333,0,i_167,NUEVO LEON,20.6810876263,100.157593434,QUERETARO,25.8603325723,100.049741058,0.0
288,2017-10-11 miércoles,17450.5416667,2017-10-16 lunes,17455.5416667,1,i_172,PUEBLA,20.6810876263,100.157593434,QUERETARO,19.158194281,98.1136581699,0.0
289,2017-11-26 domingo,17496.25,2017-11-29 miércoles,17499.25,1,i_174,VERACRUZ,20.6810876263,100.157593434,QUERETARO,19.7520503367,96.6708436027,0.0
290,2017-11-20 lunes,17490.75,2017-11-21 martes,17491.75,0,i_175,VERACRUZ,20.6810876263,100.157593434,QUERETARO,19.7520503367,96.6708436027,0.0
291,2017-12-13 miércoles,17513.5833333,2017-12-18 lunes,17518.5833333,1,i_179,NUEVO LEON,20.6810876263,100.157593434,QUERETARO,25.8603325723,100.049741058,0.0
292,2017-11-26 domingo,17496.25,2017-11-29 miércoles,17499.25,1,i_181,NUEVO LEON,20.6810876263,100.157593434,QUERETARO,25.8603325723,100.049741058,0.0
293,2017-09-14 jueves,17423.2083333,2017-09-29 viernes,17438.2083333,0,i_182,NUEVO LEON,20.6810876263,100.157593434,QUERETARO,25.8603325723,100.049741058,0.0
294,2017-09-28 jueves,17437.7083333,2017-10-03 martes,17442.7083333,1,i_185,VERACRUZ,20.6810876263,100.157593434,QUERETARO,19.7520503367,96.6708436027,0.0
295,2017-10-20 viernes,17459.2083333,2017-10-26 jueves,17465.2083333,0,i_188,CIUDAD DE MEXICO,20.6810876263,100.157593434,QUERETARO,19.3828290816,99.1987122071,0.0
296,2017-11-02 jueves,17472.75,2017-11-09 jueves,17479.75,1,i_193,CIUDAD DE MEXICO,20.6810876263,100.157593434,QUERETARO,19.3828290816,99.1987122071,0.0
297,2017-12-15 viernes,17515.75,2017-12-25 lunes,17525.75,1,i_194,NUEVO LEON,20.6810876263,100.157593434,QUERETARO,25.8603325723,100.049741058,0.0
298,2017-12-22 viernes,17522.75,2017-12-24 domingo,17524.75,0,i_195,VERACRUZ,20.6810876263,100.157593434,QUERETARO,19.7520503367,96.6708436027,0.0
299,2017-10-04 miércoles,17443.2083333,2017-10-09 lunes,17448.2083333,0,i_196,PUEBLA,20.6810876263,100.157593434,QUERETARO,19.158194281,98.1136581699,0.0
300,2017-10-07 sábado,17446.5416667,2017-10-11 miércoles,17450.5416667,1,i_197,NUEVO LEON,20.6810876263,100.157593434,QUERETARO,25.8603325723,100.049741058,0.0
301,2017-10-02 lunes,17441.2083333,2017-10-07 sábado,17446.2083333,1,i_199,JALISCO,20.6810876263,100.157593434,QUERETARO,20.3683627551,103.885893537,0.0
302,2017-09-29 viernes,17438.2083333,2017-10-04 miércoles,17443.2083333,0,i_201,CIUDAD DE MEXICO,20.6810876263,100.157593434,QUERETARO,19.3828290816,99.1987122071,0.0
303,2017-12-13 miércoles,17513.75,2017-12-18 lunes,17518.75,0,i_202,NUEVO LEON,20.6810876263,100.157593434,QUERETARO,25.8603325723,100.049741058,0.0
304,2017-10-21 sábado,17460.5416667,2017-10-25 miércoles,17464.5416667,0,i_203,NUEVO LEON,20.6810876263,100.157593434,QUERETARO,25.8603325723,100.049741058,0.0
305,2017-12-15 viernes,17515.75,2017-12-19 martes,17519.75,0,i_204,NUEVO LEON,20.6810876263,100.157593434,QUERETARO,25.8603325723,100.049741058,0.0
